SLIDE_NO,LONGITUDE,LATITUDE,EVENT_DATE,RAINFALL_EVENT_DAY_MM,RAINFALL_3DAY_CUMULATIVE_MM,RAINFALL_7DAY_CUMULATIVE_MM,MATCH_STATUS,NOTES
AP/PP/83E12/2008/A-8,93.742222,27.124444,,,,,UNMATCHED_NO_EVENT_DATE,GSI inventory records macro-scale survey/initiation year 2008 only; specific day/month unrecorded.
AP/PAP/83E12/2021/7,93.702139,27.123139,,,,,UNMATCHED_NO_EVENT_DATE,GSI inventory records macro-scale survey/initiation year 2021 only; specific day/month unrecorded.
AP/PP/83E12/2008/A-6,93.694444,27.112222,,,,,UNMATCHED_NO_EVENT_DATE,GSI inventory records macro-scale survey/initiation year 2008 only; specific day/month unrecorded.
AP/PP/83E12/2008/A-7,93.699722,27.105556,,,,,UNMATCHED_NO_EVENT_DATE,GSI inventory records macro-scale survey/initiation year 2008 only; specific day/month unrecorded.
AP/PAP/83E12/2021/18,93.66925,27.088278,,,,,UNMATCHED_NO_EVENT_DATE,GSI inventory records macro-scale survey/initiation year 2021 only; specific day/month unrecorded.
AP/PAP/83E12/2021/6,93.660111,27.106722,,,,,UNMATCHED_NO_EVENT_DATE,GSI inventory records macro-scale survey/initiation year 2021 only; specific day/month unrecorded.
AP/PP/83E12/2008/A-5,93.663889,27.106472,,,,,UNMATCHED_NO_EVENT_DATE,GSI inventory records macro-scale survey/initiation year 2008 only; specific day/month unrecorded.
AP/PAP/83E12/2021/66,93.655639,27.216278,,,,,UNMATCHED_NO_EVENT_DATE,GSI inventory records macro-scale survey/initiation year 2021 only; specific day/month unrecorded.
AP/PAP/83E12/2021/65,93.691472,27.216639,,,,,UNMATCHED_NO_EVENT_DATE,GSI inventory records macro-scale survey/initiation year 2021 only; specific day/month unrecorded.
AP/PAP/83E12/2021/64,93.695278,27.218611,,,,,UNMATCHED_NO_EVENT_DATE,GSI inventory records macro-scale survey/initiation year 2021 only; specific day/month unrecorded.
AP/PAP/83E12/2021/63,93.698194,27.220833,,,,,UNMATCHED_NO_EVENT_DATE,GSI inventory records macro-scale survey/initiation year 2021 only; specific day/month unrecorded.
AP/PAP/83E12/2021/9,93.739167,27.16,,,,,UNMATCHED_NO_EVENT_DATE,GSI inventory records macro-scale survey/initiation year 2021 only; specific day/month unrecorded.
AP/PAP/83E12/2021/8,93.705333,27.128972,,,,,UNMATCHED_NO_EVENT_DATE,GSI inventory records macro-scale survey/initiation year 2021 only; specific day/month unrecorded.
ARN/PAP/83E11/2017/04,93.73164,27.1275,,,,,UNMATCHED_NO_EVENT_DATE,GSI inventory records macro-scale survey/initiation year 2017 only; specific day/month unrecorded.
ARN/PAP/83E11/2017/02,93.73164,27.1275,,,,,UNMATCHED_NO_EVENT_DATE,GSI inventory records macro-scale survey/initiation year 2017 only; specific day/month unrecorded.
AP/PAP/83E16/2021/11,93.752306,27.163556,,,,,UNMATCHED_NO_EVENT_DATE,GSI inventory records macro-scale survey/initiation year 2021 only; specific day/month unrecorded.
AP/PAP/83E12/2021/10,93.751167,27.165806,,,,,UNMATCHED_NO_EVENT_DATE,GSI inventory records macro-scale survey/initiation year 2021 only; specific day/month unrecorded.
AP/PAP/83E16/2021/12,93.780944,27.194111,,,,,UNMATCHED_NO_EVENT_DATE,GSI inventory records macro-scale survey/initiation year 2021 only; specific day/month unrecorded.
AP/PAP/83E15/2021/46,93.805167,27.339833,,,,,UNMATCHED_NO_EVENT_DATE,GSI inventory records macro-scale survey/initiation year 2021 only; specific day/month unrecorded.
AP/PAP/83E15/2021/42,93.820722,27.336667,,,,,UNMATCHED_NO_EVENT_DATE,GSI inventory records macro-scale survey/initiation year 2021 only; specific day/month unrecorded.
AP/PAP/83E15/2021/41,93.821306,27.337028,,,,,UNMATCHED_NO_EVENT_DATE,GSI inventory records macro-scale survey/initiation year 2021 only; specific day/month unrecorded.
AP/PAP/83E15/2021/43,93.819417,27.334056,,,,,UNMATCHED_NO_EVENT_DATE,GSI inventory records macro-scale survey/initiation year 2021 only; specific day/month unrecorded.
AP/PAP/83E15/2021/29,93.822389,27.325806,,,,,UNMATCHED_NO_EVENT_DATE,GSI inventory records macro-scale survey/initiation year 2021 only; specific day/month unrecorded.
AP/PAP/83E15/2021/45,93.812528,27.328528,,,,,UNMATCHED_NO_EVENT_DATE,GSI inventory records macro-scale survey/initiation year 2021 only; specific day/month unrecorded.
AP/PAP/83E15/2021/44,93.813389,27.327583,,,,,UNMATCHED_NO_EVENT_DATE,GSI inventory records macro-scale survey/initiation year 2021 only; specific day/month unrecorded.
AP/PAP/83E15/2021/28,93.806306,27.307111,,,,,UNMATCHED_NO_EVENT_DATE,GSI inventory records macro-scale survey/initiation year 2021 only; specific day/month unrecorded.
AP/PAP/83E15/2021/27,93.802833,27.300833,,,,,UNMATCHED_NO_EVENT_DATE,GSI inventory records macro-scale survey/initiation year 2021 only; specific day/month unrecorded.
AP/PAP/83E15/2021/26,93.802056,27.294278,,,,,UNMATCHED_NO_EVENT_DATE,GSI inventory records macro-scale survey/initiation year 2021 only; specific day/month unrecorded.
AP/PAP/83E15/2021/25,93.796806,27.291083,,,,,UNMATCHED_NO_EVENT_DATE,GSI inventory records macro-scale survey/initiation year 2021 only; specific day/month unrecorded.
AP/PAP/83E15/2021/24,93.796444,27.27925,,,,,UNMATCHED_NO_EVENT_DATE,GSI inventory records macro-scale survey/initiation year 2021 only; specific day/month unrecorded.
AP/PAP/83E16/2021/14,93.807167,27.236306,,,,,UNMATCHED_NO_EVENT_DATE,GSI inventory records macro-scale survey/initiation year 2021 only; specific day/month unrecorded.
AP/PAP/83E16/2021/15,93.806444,27.238222,,,,,UNMATCHED_NO_EVENT_DATE,GSI inventory records macro-scale survey/initiation year 2021 only; specific day/month unrecorded.
AP/PAP/83E16/2021/16,93.806083,27.238917,,,,,UNMATCHED_NO_EVENT_DATE,GSI inventory records macro-scale survey/initiation year 2021 only; specific day/month unrecorded.
AP/PAP/83E16/2021/13,93.799111,27.228167,,,,,UNMATCHED_NO_EVENT_DATE,GSI inventory records macro-scale survey/initiation year 2021 only; specific day/month unrecorded.
AP/PAP/83E16/2021/17,93.804667,27.246111,,,,,UNMATCHED_NO_EVENT_DATE,GSI inventory records macro-scale survey/initiation year 2021 only; specific day/month unrecorded.
AP/PAP/83E15/2021/19,93.80125,27.267722,,,,,UNMATCHED_NO_EVENT_DATE,GSI inventory records macro-scale survey/initiation year 2021 only; specific day/month unrecorded.
AP/PAP/83E15/2021/20,93.802361,27.269861,,,,,UNMATCHED_NO_EVENT_DATE,GSI inventory records macro-scale survey/initiation year 2021 only; specific day/month unrecorded.
AP/PAP/83E15/2021/21,93.799333,27.270019,,,,,UNMATCHED_NO_EVENT_DATE,GSI inventory records macro-scale survey/initiation year 2021 only; specific day/month unrecorded.
AP/PAP/83E15/2021/22,93.797833,27.2745,,,,,UNMATCHED_NO_EVENT_DATE,GSI inventory records macro-scale survey/initiation year 2021 only; specific day/month unrecorded.
AP/PAP/83E15/2021/23,93.795889,27.27625,,,,,UNMATCHED_NO_EVENT_DATE,GSI inventory records macro-scale survey/initiation year 2021 only; specific day/month unrecorded.
AP/PAP/83E15/2021/50,93.780306,27.260722,,,,,UNMATCHED_NO_EVENT_DATE,GSI inventory records macro-scale survey/initiation year 2021 only; specific day/month unrecorded.
AP/PAP/83E15/2021/51,93.778167,27.258556,,,,,UNMATCHED_NO_EVENT_DATE,GSI inventory records macro-scale survey/initiation year 2021 only; specific day/month unrecorded.
AP/PAP/83E15/2021/47,93.7895,27.260444,,,,,UNMATCHED_NO_EVENT_DATE,GSI inventory records macro-scale survey/initiation year 2021 only; specific day/month unrecorded.
AP/PAP/83E15/2021/48,93.7895,27.260222,,,,,UNMATCHED_NO_EVENT_DATE,GSI inventory records macro-scale survey/initiation year 2021 only; specific day/month unrecorded.
AP/PAP/83E15/2021/49,93.7895,27.260222,,,,,UNMATCHED_NO_EVENT_DATE,GSI inventory records macro-scale survey/initiation year 2021 only; specific day/month unrecorded.
AP/PAP/83E16/2021/52,93.765889,27.248167,,,,,UNMATCHED_NO_EVENT_DATE,GSI inventory records macro-scale survey/initiation year 2021 only; specific day/month unrecorded.
AP/PAP/83E16/2021/53,93.765333,27.24675,,,,,UNMATCHED_NO_EVENT_DATE,GSI inventory records macro-scale survey/initiation year 2021 only; specific day/month unrecorded.
AP/PAP/83E16/2021/55,93.750417,27.240556,,,,,UNMATCHED_NO_EVENT_DATE,GSI inventory records macro-scale survey/initiation year 2021 only; specific day/month unrecorded.
AP/PAP/83E12/2021/56,93.749306,27.241056,,,,,UNMATCHED_NO_EVENT_DATE,GSI inventory records macro-scale survey/initiation year 2021 only; specific day/month unrecorded.
AP/PAP/83E16/2021/54,93.757222,27.242917,,,,,UNMATCHED_NO_EVENT_DATE,GSI inventory records macro-scale survey/initiation year 2021 only; specific day/month unrecorded.
AP/PAP/83E12/2021/57,93.746889,27.24125,,,,,UNMATCHED_NO_EVENT_DATE,GSI inventory records macro-scale survey/initiation year 2021 only; specific day/month unrecorded.
AP/PAP/83E12/2021/58,93.745917,27.240083,,,,,UNMATCHED_NO_EVENT_DATE,GSI inventory records macro-scale survey/initiation year 2021 only; specific day/month unrecorded.
AP/PAP/83E12/2021/59,93.745,27.239333,,,,,UNMATCHED_NO_EVENT_DATE,GSI inventory records macro-scale survey/initiation year 2021 only; specific day/month unrecorded.
AP/PAP/83E12/2021/60,93.731417,27.241,,,,,UNMATCHED_NO_EVENT_DATE,GSI inventory records macro-scale survey/initiation year 2021 only; specific day/month unrecorded.
AP/PAP/83E12/2021/61,93.715694,27.236139,,,,,UNMATCHED_NO_EVENT_DATE,GSI inventory records macro-scale survey/initiation year 2021 only; specific day/month unrecorded.
AP/PAP/83E12/2021/62,93.707861,27.234139,,,,,UNMATCHED_NO_EVENT_DATE,GSI inventory records macro-scale survey/initiation year 2021 only; specific day/month unrecorded.
AP/PAP/83E11/2021/78,93.507778,27.253778,,,,,UNMATCHED_NO_EVENT_DATE,GSI inventory records macro-scale survey/initiation year 2021 only; specific day/month unrecorded.
AP/PAP/83E11/2021/77,93.504278,27.251806,,,,,UNMATCHED_NO_EVENT_DATE,GSI inventory records macro-scale survey/initiation year 2021 only; specific day/month unrecorded.
AP/PAP/83E11/2021/76,93.507833,27.2495,,,,,UNMATCHED_NO_EVENT_DATE,GSI inventory records macro-scale survey/initiation year 2021 only; specific day/month unrecorded.
AP/PAP/83E12/2021/75,93.524389,27.235306,,,,,UNMATCHED_NO_EVENT_DATE,GSI inventory records macro-scale survey/initiation year 2021 only; specific day/month unrecorded.
AP/PAP/83E12/2021/74,93.536139,27.234917,,,,,UNMATCHED_NO_EVENT_DATE,GSI inventory records macro-scale survey/initiation year 2021 only; specific day/month unrecorded.
AP/PAP/83E12/2021/67,93.635667,27.214778,,,,,UNMATCHED_NO_EVENT_DATE,GSI inventory records macro-scale survey/initiation year 2021 only; specific day/month unrecorded.
AP/PAP/83E12/2021/69,93.615667,27.207583,,,,,UNMATCHED_NO_EVENT_DATE,GSI inventory records macro-scale survey/initiation year 2021 only; specific day/month unrecorded.
ARN/PAP/83E12/2017/01,93.615842,27.207659,2017-07-11,0.0,129.97,233.94,MATCHED_DAILY,Exact date documented by GSI. Triggered by 4 consecutive days of heavy antecedent rain (July 7-10) before failure at 14:30 on July 11.
AP/PAP/83E12/2021/68,93.628556,27.210556,,,,,UNMATCHED_NO_EVENT_DATE,GSI inventory records macro-scale survey/initiation year 2021 only; specific day/month unrecorded.
AP/PAP/83E12/2021/71,93.580417,27.223667,,,,,UNMATCHED_NO_EVENT_DATE,GSI inventory records macro-scale survey/initiation year 2021 only; specific day/month unrecorded.
AP/PAP/83E12/2021/70,93.581167,27.22075,,,,,UNMATCHED_NO_EVENT_DATE,GSI inventory records macro-scale survey/initiation year 2021 only; specific day/month unrecorded.
AP/PAP/83E12/2021/72,93.570278,27.225361,,,,,UNMATCHED_NO_EVENT_DATE,GSI inventory records macro-scale survey/initiation year 2021 only; specific day/month unrecorded.
AP/PAP/83E12/2021/73,93.568972,27.228056,,,,,UNMATCHED_NO_EVENT_DATE,GSI inventory records macro-scale survey/initiation year 2021 only; specific day/month unrecorded.
ARN/PAP/83E11/2017/03,93.64975,27.10736,,,,,UNMATCHED_NO_EVENT_DATE,GSI inventory records macro-scale survey/initiation year 2017 only; specific day/month unrecorded.
AP/PAP/83E12/2021/5,93.641778,27.103069,,,,,UNMATCHED_NO_EVENT_DATE,GSI inventory records macro-scale survey/initiation year 2021 only; specific day/month unrecorded.
AP/PAP/83E12/2021/4,93.640417,27.102944,,,,,UNMATCHED_NO_EVENT_DATE,GSI inventory records macro-scale survey/initiation year 2021 only; specific day/month unrecorded.
AP/PAP/83E12/2021/3,93.638722,27.103444,,,,,UNMATCHED_NO_EVENT_DATE,GSI inventory records macro-scale survey/initiation year 2021 only; specific day/month unrecorded.
AP/PAP/83E12/2021/2,93.637611,27.103944,,,,,UNMATCHED_NO_EVENT_DATE,GSI inventory records macro-scale survey/initiation year 2021 only; specific day/month unrecorded.
AP/PAP/83E12/2021/1,93.634019,27.103111,,,,,UNMATCHED_NO_EVENT_DATE,GSI inventory records macro-scale survey/initiation year 2021 only; specific day/month unrecorded.
AP/PP/83E12/2008/A-3,93.619222,27.101111,,,,,UNMATCHED_NO_EVENT_DATE,GSI inventory records macro-scale survey/initiation year 2008 only; specific day/month unrecorded.
AP/PP/83E12/2008/A-2,93.615694,27.095278,,,,,UNMATCHED_NO_EVENT_DATE,GSI inventory records macro-scale survey/initiation year 2008 only; specific day/month unrecorded.
AP/PP/83E12/2008/A-4,93.615667,27.091139,,,,,UNMATCHED_NO_EVENT_DATE,GSI inventory records macro-scale survey/initiation year 2008 only; specific day/month unrecorded.
AP/PP/83E12/2008/A-1,93.605639,27.078472,,,,,UNMATCHED_NO_EVENT_DATE,GSI inventory records macro-scale survey/initiation year 2008 only; specific day/month unrecorded.
