sample_id,sample_type,longitude,latitude,elevation_m,slope_deg,lulc_class,lulc_class_name
AP/PP/83E12/2008/A-8,landslide,93.742222,27.124444,146.92,10.37,60,Bare / sparse vegetation
AP/PAP/83E12/2021/7,landslide,93.702139,27.123139,166.33,23.91,10,Tree cover
AP/PP/83E12/2008/A-6,landslide,93.694444,27.112222,138.06,0.73,30,Grassland
AP/PP/83E12/2008/A-7,landslide,93.699722,27.105556,205.64,9.16,50,Built-up
AP/PAP/83E12/2021/18,landslide,93.66925,27.088278,181.6,27.53,10,Tree cover
AP/PAP/83E12/2021/6,landslide,93.660111,27.106722,234.67,29.46,10,Tree cover
AP/PP/83E12/2008/A-5,landslide,93.663889,27.106472,204.74,12.61,10,Tree cover
AP/PAP/83E12/2021/66,landslide,93.655639,27.216278,483.31,31.69,30,Grassland
AP/PAP/83E12/2021/65,landslide,93.691472,27.216639,465.14,38.94,50,Built-up
AP/PAP/83E12/2021/64,landslide,93.695278,27.218611,487.91,35.58,30,Grassland
AP/PAP/83E12/2021/63,landslide,93.698194,27.220833,488.53,34.61,50,Built-up
AP/PAP/83E12/2021/9,landslide,93.739167,27.16,205.71,12.18,50,Built-up
AP/PAP/83E12/2021/8,landslide,93.705333,27.128972,146.52,10.26,60,Bare / sparse vegetation
ARN/PAP/83E11/2017/04,landslide,93.73164,27.1275,140.14,3.48,50,Built-up
ARN/PAP/83E11/2017/02,landslide,93.73164,27.1275,140.14,3.48,50,Built-up
AP/PAP/83E16/2021/11,landslide,93.752306,27.163556,147.03,7.93,50,Built-up
AP/PAP/83E12/2021/10,landslide,93.751167,27.165806,165.19,34.35,10,Tree cover
AP/PAP/83E16/2021/12,landslide,93.780944,27.194111,191.96,15.33,10,Tree cover
AP/PAP/83E15/2021/46,landslide,93.805167,27.339833,772.93,28.77,10,Tree cover
AP/PAP/83E15/2021/42,landslide,93.820722,27.336667,991.96,30.75,10,Tree cover
AP/PAP/83E15/2021/41,landslide,93.821306,27.337028,994.55,33.17,10,Tree cover
AP/PAP/83E15/2021/43,landslide,93.819417,27.334056,971.02,36.49,10,Tree cover
AP/PAP/83E15/2021/29,landslide,93.822389,27.325806,1080.42,27.05,30,Grassland
AP/PAP/83E15/2021/45,landslide,93.812528,27.328528,887.91,25.01,30,Grassland
AP/PAP/83E15/2021/44,landslide,93.813389,27.327583,898.83,24.11,10,Tree cover
AP/PAP/83E15/2021/28,landslide,93.806306,27.307111,717.04,5.2,60,Bare / sparse vegetation
AP/PAP/83E15/2021/27,landslide,93.802833,27.300833,668.85,25.56,50,Built-up
AP/PAP/83E15/2021/26,landslide,93.802056,27.294278,656.85,33.47,30,Grassland
AP/PAP/83E15/2021/25,landslide,93.796806,27.291083,577.38,23.85,30,Grassland
AP/PAP/83E15/2021/24,landslide,93.796444,27.27925,492.05,27.51,60,Bare / sparse vegetation
AP/PAP/83E16/2021/14,landslide,93.807167,27.236306,309.95,38.24,10,Tree cover
AP/PAP/83E16/2021/15,landslide,93.806444,27.238222,262.49,22.35,50,Built-up
AP/PAP/83E16/2021/16,landslide,93.806083,27.238917,278.31,30.96,10,Tree cover
AP/PAP/83E16/2021/13,landslide,93.799111,27.228167,329.07,28.02,50,Built-up
AP/PAP/83E16/2021/17,landslide,93.804667,27.246111,274.86,24.93,50,Built-up
AP/PAP/83E15/2021/19,landslide,93.80125,27.267722,397.26,36.66,10,Tree cover
AP/PAP/83E15/2021/20,landslide,93.802361,27.269861,420.56,33.68,10,Tree cover
AP/PAP/83E15/2021/21,landslide,93.799333,27.270019,403.75,21.75,10,Tree cover
AP/PAP/83E15/2021/22,landslide,93.797833,27.2745,438.38,21.49,10,Tree cover
AP/PAP/83E15/2021/23,landslide,93.795889,27.27625,476.95,31.64,10,Tree cover
AP/PAP/83E15/2021/50,landslide,93.780306,27.260722,310.32,25.68,50,Built-up
AP/PAP/83E15/2021/51,landslide,93.778167,27.258556,338.0,29.56,50,Built-up
AP/PAP/83E15/2021/47,landslide,93.7895,27.260444,382.27,21.91,10,Tree cover
AP/PAP/83E15/2021/48,landslide,93.7895,27.260222,382.27,21.91,10,Tree cover
AP/PAP/83E15/2021/49,landslide,93.7895,27.260222,382.27,21.91,10,Tree cover
AP/PAP/83E16/2021/52,landslide,93.765889,27.248167,323.32,26.43,30,Grassland
AP/PAP/83E16/2021/53,landslide,93.765333,27.24675,322.85,26.78,50,Built-up
AP/PAP/83E16/2021/55,landslide,93.750417,27.240556,371.37,31.55,10,Tree cover
AP/PAP/83E12/2021/56,landslide,93.749306,27.241056,389.21,26.79,50,Built-up
AP/PAP/83E16/2021/54,landslide,93.757222,27.242917,342.7,34.97,50,Built-up
AP/PAP/83E12/2021/57,landslide,93.746889,27.24125,423.63,32.74,30,Grassland
AP/PAP/83E12/2021/58,landslide,93.745917,27.240083,402.87,30.25,50,Built-up
AP/PAP/83E12/2021/59,landslide,93.745,27.239333,405.09,17.09,10,Tree cover
AP/PAP/83E12/2021/60,landslide,93.731417,27.241,401.3,16.64,10,Tree cover
AP/PAP/83E12/2021/61,landslide,93.715694,27.236139,425.74,29.41,50,Built-up
AP/PAP/83E12/2021/62,landslide,93.707861,27.234139,429.95,31.05,60,Bare / sparse vegetation
AP/PAP/83E11/2021/78,landslide,93.507778,27.253778,956.67,20.22,30,Grassland
AP/PAP/83E11/2021/77,landslide,93.504278,27.251806,923.58,32.84,10,Tree cover
AP/PAP/83E11/2021/76,landslide,93.507833,27.2495,970.85,8.05,10,Tree cover
AP/PAP/83E12/2021/75,landslide,93.524389,27.235306,911.99,29.01,50,Built-up
AP/PAP/83E12/2021/74,landslide,93.536139,27.234917,849.29,31.14,50,Built-up
AP/PAP/83E12/2021/67,landslide,93.635667,27.214778,514.38,28.54,10,Tree cover
AP/PAP/83E12/2021/69,landslide,93.615667,27.207583,570.85,30.15,10,Tree cover
ARN/PAP/83E12/2017/01,landslide,93.615842,27.207659,570.85,30.15,10,Tree cover
AP/PAP/83E12/2021/68,landslide,93.628556,27.210556,553.99,33.65,50,Built-up
AP/PAP/83E12/2021/71,landslide,93.580417,27.223667,759.04,38.84,60,Bare / sparse vegetation
AP/PAP/83E12/2021/70,landslide,93.581167,27.22075,714.94,31.88,50,Built-up
AP/PAP/83E12/2021/72,landslide,93.570278,27.225361,727.74,34.63,30,Grassland
AP/PAP/83E12/2021/73,landslide,93.568972,27.228056,710.45,35.52,50,Built-up
ARN/PAP/83E11/2017/03,landslide,93.64975,27.10736,297.62,10.24,50,Built-up
AP/PAP/83E12/2021/5,landslide,93.641778,27.103069,377.09,18.55,50,Built-up
AP/PAP/83E12/2021/4,landslide,93.640417,27.102944,378.72,28.78,50,Built-up
AP/PAP/83E12/2021/3,landslide,93.638722,27.103444,397.02,26.83,50,Built-up
AP/PAP/83E12/2021/2,landslide,93.637611,27.103944,423.15,37.05,10,Tree cover
AP/PAP/83E12/2021/1,landslide,93.634019,27.103111,420.3,17.46,50,Built-up
AP/PP/83E12/2008/A-3,landslide,93.619222,27.101111,344.72,12.49,50,Built-up
AP/PP/83E12/2008/A-2,landslide,93.615694,27.095278,336.13,18.49,10,Tree cover
AP/PP/83E12/2008/A-4,landslide,93.615667,27.091139,345.27,8.87,50,Built-up
AP/PP/83E12/2008/A-1,landslide,93.605639,27.078472,238.28,16.8,10,Tree cover
BG_001,background,93.815229,27.358757,903.56,38.19,10,Tree cover
BG_002,background,93.967358,27.307955,170.16,16.81,10,Tree cover
BG_003,background,93.988669,27.488442,2475.68,38.61,10,Tree cover
BG_004,background,93.99831,27.412544,1188.05,47.88,10,Tree cover
BG_005,background,94.072472,27.456136,1146.9,19.0,10,Tree cover
BG_006,background,93.321906,27.531936,3238.8,24.11,10,Tree cover
BG_007,background,93.821456,27.298326,942.68,35.96,10,Tree cover
BG_008,background,93.557475,27.008469,408.76,48.98,10,Tree cover
BG_009,background,93.567849,27.086974,454.53,27.04,10,Tree cover
BG_010,background,93.343068,27.596072,2912.76,29.17,10,Tree cover
BG_011,background,93.417859,27.031975,190.08,1.55,10,Tree cover
BG_012,background,93.950559,27.470833,1608.06,30.75,10,Tree cover
BG_013,background,93.304735,27.14169,1258.8,34.51,10,Tree cover
BG_014,background,93.245842,27.207351,1858.49,20.43,10,Tree cover
BG_015,background,93.827927,27.271475,450.99,17.06,10,Tree cover
BG_016,background,93.488066,26.970808,159.18,13.66,10,Tree cover
BG_017,background,93.703249,27.254282,1105.09,25.77,10,Tree cover
BG_018,background,93.31877,27.603443,3153.12,28.91,10,Tree cover
BG_019,background,93.619632,27.149049,1095.24,39.09,10,Tree cover
BG_020,background,93.671702,27.198645,546.48,36.54,10,Tree cover
BG_021,background,93.432206,27.223964,1195.1,24.49,10,Tree cover
BG_022,background,93.442406,27.655103,2076.32,16.92,10,Tree cover
BG_023,background,93.261918,27.21626,1639.9,36.91,10,Tree cover
BG_024,background,93.73208,27.214322,998.01,15.34,10,Tree cover
BG_025,background,93.664136,27.148575,715.67,23.39,10,Tree cover
BG_026,background,94.134592,27.50439,488.55,28.4,10,Tree cover
BG_027,background,93.464536,27.493616,2052.97,23.2,10,Tree cover
BG_028,background,93.447076,27.305711,1914.86,30.65,10,Tree cover
BG_029,background,93.514579,27.544085,1813.4,32.89,10,Tree cover
BG_030,background,93.484571,27.072118,484.45,26.6,10,Tree cover
BG_031,background,93.444561,27.130483,1162.36,38.78,10,Tree cover
BG_032,background,93.576407,27.044416,326.79,29.65,10,Tree cover
BG_033,background,93.467589,27.208412,1534.77,27.16,10,Tree cover
BG_034,background,93.636181,27.023574,280.69,14.01,10,Tree cover
BG_035,background,93.986424,27.338424,203.13,6.41,10,Tree cover
BG_036,background,93.546222,27.368194,1321.83,16.76,10,Tree cover
BG_037,background,93.570885,27.208029,1019.17,42.61,10,Tree cover
BG_038,background,93.698094,27.156535,234.22,23.61,10,Tree cover
BG_039,background,93.772717,27.176728,161.15,3.62,10,Tree cover
BG_040,background,93.346939,27.473646,3020.54,12.87,10,Tree cover
BG_041,background,93.476284,27.400409,2489.19,5.98,10,Tree cover
BG_042,background,93.721047,27.194608,661.93,39.14,10,Tree cover
BG_043,background,93.263846,27.263113,2317.71,22.68,10,Tree cover
BG_044,background,93.409259,27.492706,2407.02,39.84,10,Tree cover
BG_045,background,93.774822,27.218425,630.63,35.36,10,Tree cover
BG_046,background,93.539655,27.139088,1057.24,23.62,10,Tree cover
BG_047,background,93.250459,27.240116,1854.39,23.66,10,Tree cover
BG_048,background,93.335338,27.652966,2872.05,31.33,10,Tree cover
BG_049,background,93.393916,27.104633,1099.28,41.34,10,Tree cover
BG_050,background,93.825936,27.248196,373.97,22.47,10,Tree cover
BG_051,background,93.728293,27.09761,231.14,19.47,10,Tree cover
BG_052,background,94.011893,27.404593,939.03,40.92,10,Tree cover
BG_053,background,93.63752,27.206658,669.37,31.95,10,Tree cover
BG_054,background,93.607127,27.01964,379.61,14.64,10,Tree cover
BG_055,background,93.453323,27.573548,2372.23,17.65,10,Tree cover
BG_056,background,93.309399,27.622422,3100.65,26.13,10,Tree cover
BG_057,background,93.326798,27.12891,1149.23,27.82,10,Tree cover
BG_058,background,93.828553,27.069158,119.57,10.85,10,Tree cover
BG_059,background,93.623508,27.083488,332.46,27.97,10,Tree cover
BG_060,background,93.85507,27.451412,1875.49,18.31,10,Tree cover
BG_061,background,93.687207,27.257341,1136.91,35.88,10,Tree cover
BG_062,background,93.422287,27.564167,1740.06,43.8,10,Tree cover
BG_063,background,93.443291,27.11559,937.24,36.48,10,Tree cover
BG_064,background,93.550233,27.38172,1316.97,17.08,10,Tree cover
BG_065,background,93.392086,27.446171,2902.51,17.99,10,Tree cover
BG_066,background,93.449123,27.135885,817.61,19.7,10,Tree cover
BG_067,background,93.451518,27.503679,1690.68,27.29,10,Tree cover
BG_068,background,93.347058,27.511562,3041.74,30.89,10,Tree cover
BG_069,background,93.445593,27.314112,1843.15,23.56,10,Tree cover
BG_070,background,93.334442,27.154352,2026.22,40.33,10,Tree cover
BG_071,background,93.360746,27.610111,2783.41,31.12,10,Tree cover
BG_072,background,93.381033,27.053748,442.33,29.06,10,Tree cover
BG_073,background,93.442249,27.616104,2677.87,28.07,10,Tree cover
BG_074,background,93.503235,27.521918,1267.44,20.75,10,Tree cover
BG_075,background,93.440238,27.34013,2029.16,10.8,10,Tree cover
BG_076,background,93.476818,26.955678,206.44,19.94,10,Tree cover
BG_077,background,93.36676,27.498783,2819.37,29.19,10,Tree cover
BG_078,background,93.373997,27.662617,2066.27,24.04,10,Tree cover
BG_079,background,93.728937,27.103565,239.15,17.94,10,Tree cover
BG_080,background,93.521226,27.212556,1068.73,45.09,10,Tree cover
BG_081,background,93.388023,27.325659,2298.8,29.03,10,Tree cover
BG_082,background,93.543743,27.17049,1845.31,42.51,10,Tree cover
BG_083,background,93.430392,27.066877,902.27,48.23,10,Tree cover
BG_084,background,93.774302,27.230886,788.61,5.3,10,Tree cover
BG_085,background,93.457485,26.958451,186.8,11.7,10,Tree cover
BG_086,background,93.433936,26.965568,341.17,37.84,10,Tree cover
BG_087,background,93.497824,27.127054,873.51,19.96,10,Tree cover
BG_088,background,93.770332,27.049718,117.05,0.43,40,Cropland
BG_089,background,93.563793,27.36352,1512.96,15.49,10,Tree cover
BG_090,background,94.171921,27.501914,420.88,31.51,10,Tree cover
BG_091,background,93.377323,27.029923,287.89,14.19,10,Tree cover
BG_092,background,93.789362,27.132218,112.48,1.04,60,Bare / sparse vegetation
BG_093,background,93.903343,27.451919,2346.54,37.35,10,Tree cover
BG_094,background,93.595166,27.557034,1478.32,11.49,10,Tree cover
BG_095,background,93.393824,27.336748,2381.42,18.22,10,Tree cover
BG_096,background,94.071936,27.400623,275.9,6.7,10,Tree cover
BG_097,background,93.286904,27.154187,1342.75,26.58,10,Tree cover
BG_098,background,93.421092,27.329626,2075.81,28.1,10,Tree cover
BG_099,background,93.537731,27.116615,1079.6,20.54,10,Tree cover
BG_100,background,93.350262,27.468221,3001.51,15.24,10,Tree cover
BG_101,background,93.664711,27.194615,592.7,24.6,10,Tree cover
BG_102,background,93.453899,27.194102,1538.43,33.11,10,Tree cover
BG_103,background,93.539724,26.963848,131.9,3.49,10,Tree cover
BG_104,background,93.316782,27.333693,2265.33,16.54,10,Tree cover
BG_105,background,93.833893,27.258711,617.37,22.39,10,Tree cover
BG_106,background,93.414321,27.546858,1979.69,35.65,10,Tree cover
BG_107,background,94.059225,27.372285,210.48,15.17,10,Tree cover
BG_108,background,93.741666,27.335063,1246.41,22.28,10,Tree cover
BG_109,background,93.709261,27.102853,207.96,19.32,10,Tree cover
BG_110,background,93.619557,27.190218,693.51,26.69,10,Tree cover
BG_111,background,93.499964,27.537368,1566.36,22.07,10,Tree cover
BG_112,background,93.627677,27.17989,881.65,38.37,10,Tree cover
BG_113,background,93.954244,27.369792,442.7,33.96,10,Tree cover
BG_114,background,93.593291,27.490689,1406.65,24.99,10,Tree cover
BG_115,background,93.948413,27.397456,935.62,30.95,10,Tree cover
BG_116,background,93.717961,27.185686,639.75,29.52,10,Tree cover
BG_117,background,93.699979,27.118879,139.19,3.57,10,Tree cover
BG_118,background,93.976877,27.494212,2607.77,40.7,10,Tree cover
BG_119,background,93.391416,26.994674,408.17,18.04,10,Tree cover
BG_120,background,93.594262,27.103386,405.0,16.9,10,Tree cover
BG_121,background,93.362647,27.448418,3239.88,12.91,10,Tree cover
BG_122,background,93.802742,27.098288,240.67,17.57,10,Tree cover
BG_123,background,93.580786,27.364533,1892.32,22.6,10,Tree cover
BG_124,background,94.120633,27.475526,550.51,17.15,10,Tree cover
BG_125,background,94.131518,27.441316,186.13,7.25,10,Tree cover
BG_126,background,93.490775,27.589129,2145.74,31.43,10,Tree cover
BG_127,background,93.611919,27.233586,1084.26,21.51,10,Tree cover
BG_128,background,93.96437,27.348057,233.5,9.26,10,Tree cover
BG_129,background,93.567057,27.169856,1540.17,37.76,10,Tree cover
BG_130,background,94.028859,27.499795,1624.75,26.02,10,Tree cover
BG_131,background,93.782892,27.159338,187.72,22.26,10,Tree cover
BG_132,background,93.403323,27.613785,2544.98,32.27,10,Tree cover
BG_133,background,93.891405,27.401894,823.29,32.69,10,Tree cover
BG_134,background,93.623924,26.994648,247.26,12.98,10,Tree cover
BG_135,background,93.422127,27.442563,2834.24,55.13,10,Tree cover
BG_136,background,93.353962,27.580608,2774.06,41.37,10,Tree cover
BG_137,background,93.528488,27.402658,1407.11,30.34,10,Tree cover
BG_138,background,93.536442,27.541294,1972.78,20.92,10,Tree cover
BG_139,background,93.477421,27.453218,2027.36,30.34,10,Tree cover
BG_140,background,93.759147,27.095551,246.77,19.54,10,Tree cover
BG_141,background,93.847867,27.303043,846.73,39.67,10,Tree cover
BG_142,background,93.561319,26.990849,246.57,26.77,10,Tree cover
BG_143,background,93.305637,27.581264,3155.39,13.65,10,Tree cover
BG_144,background,93.61796,27.009842,366.71,12.19,10,Tree cover
BG_145,background,93.314198,27.277635,1894.58,20.29,10,Tree cover
BG_146,background,93.468733,27.480601,1659.71,29.4,10,Tree cover
BG_147,background,93.780641,27.096787,223.24,11.29,10,Tree cover
BG_148,background,93.815703,27.174589,351.28,11.63,10,Tree cover
BG_149,background,93.691571,27.080461,229.89,6.94,10,Tree cover
BG_150,background,93.400279,27.612711,2439.06,27.68,10,Tree cover
BG_151,background,93.929328,27.401105,515.71,27.13,10,Tree cover
BG_152,background,94.040837,27.417108,570.91,28.81,10,Tree cover
BG_153,background,93.366943,27.553761,3091.46,32.64,10,Tree cover
BG_154,background,93.553313,26.961087,122.54,9.35,10,Tree cover
BG_155,background,93.670695,26.978995,100.98,0.95,40,Cropland
BG_156,background,93.398572,27.137392,1273.66,35.85,10,Tree cover
BG_157,background,93.874877,27.26794,302.75,31.92,10,Tree cover
BG_158,background,93.286001,27.274987,1983.63,24.12,10,Tree cover
BG_159,background,93.648303,27.342298,2192.8,16.76,10,Tree cover
BG_160,background,93.407955,27.550939,2022.51,25.59,10,Tree cover
BG_161,background,93.463528,27.615222,2818.63,40.68,10,Tree cover
BG_162,background,93.506406,27.217756,1086.39,20.25,10,Tree cover
BG_163,background,94.074949,27.398434,184.69,3.62,10,Tree cover
BG_164,background,93.495065,27.119209,807.78,37.86,10,Tree cover
BG_165,background,93.393386,27.126031,932.06,15.69,10,Tree cover
BG_166,background,93.586559,27.193068,1145.08,33.63,10,Tree cover
BG_167,background,93.284136,27.256573,2026.29,13.65,10,Tree cover
BG_168,background,93.310981,27.210743,1478.39,33.02,10,Tree cover
BG_169,background,93.590842,27.086067,260.66,2.65,10,Tree cover
BG_170,background,93.864731,27.366584,589.22,29.0,10,Tree cover
BG_171,background,93.84152,27.265436,669.15,17.06,10,Tree cover
BG_172,background,93.395714,27.356784,2392.39,25.45,10,Tree cover
BG_173,background,93.967549,27.399762,1028.26,38.09,10,Tree cover
BG_174,background,93.561402,27.250048,955.02,28.18,10,Tree cover
BG_175,background,93.569187,27.291184,1849.57,23.95,10,Tree cover
BG_176,background,93.346213,27.435459,3404.2,10.89,10,Tree cover
BG_177,background,93.470947,27.069998,658.2,30.44,10,Tree cover
BG_178,background,93.583234,27.019199,582.07,26.2,10,Tree cover
BG_179,background,93.97002,27.369954,390.82,20.57,10,Tree cover
BG_180,background,93.531075,27.117182,956.13,16.57,10,Tree cover
BG_181,background,93.365985,27.631493,3283.6,35.67,10,Tree cover
BG_182,background,93.982089,27.499863,2121.65,30.03,10,Tree cover
BG_183,background,93.32192,27.327452,1980.37,32.55,10,Tree cover
BG_184,background,93.460682,27.001235,413.5,37.35,10,Tree cover
BG_185,background,93.271931,27.222741,1604.11,32.73,10,Tree cover
BG_186,background,93.598613,27.520186,1783.41,6.41,10,Tree cover
BG_187,background,93.83421,27.42256,1953.1,20.14,10,Tree cover
BG_188,background,93.380239,27.443767,2862.36,13.36,10,Tree cover
BG_189,background,93.781447,27.3427,1027.11,21.01,10,Tree cover
BG_190,background,93.414737,27.005441,301.93,33.0,10,Tree cover
BG_191,background,93.617728,27.24304,1376.56,30.18,10,Tree cover
BG_192,background,93.269627,27.272311,2411.2,13.43,10,Tree cover
BG_193,background,93.443296,27.116945,856.86,34.38,10,Tree cover
BG_194,background,93.406394,27.539568,1954.22,24.69,10,Tree cover
BG_195,background,93.675554,27.234648,939.38,20.56,10,Tree cover
BG_196,background,93.43381,27.011613,362.22,30.17,10,Tree cover
BG_197,background,93.928285,27.348843,522.52,25.97,10,Tree cover
BG_198,background,93.405475,27.204543,1157.71,30.9,10,Tree cover
BG_199,background,93.605536,27.173758,1361.27,34.78,10,Tree cover
BG_200,background,93.805028,27.290296,666.88,35.75,10,Tree cover
BG_201,background,93.660736,27.085214,183.82,7.9,10,Tree cover
BG_202,background,93.279236,27.598382,3380.94,35.52,10,Tree cover
BG_203,background,93.744804,27.260026,707.85,12.91,10,Tree cover
BG_204,background,93.764692,27.065457,252.1,26.34,10,Tree cover
BG_205,background,93.560195,27.129798,792.22,37.33,10,Tree cover
BG_206,background,93.624459,27.308823,1852.11,24.55,10,Tree cover
BG_207,background,93.80945,27.147271,157.54,3.18,10,Tree cover
BG_208,background,93.850468,27.206611,188.53,8.64,10,Tree cover
BG_209,background,93.709262,27.054914,386.52,34.26,10,Tree cover
BG_210,background,93.410391,27.552286,1984.7,35.05,10,Tree cover
BG_211,background,93.523777,27.561655,1880.93,33.03,10,Tree cover
BG_212,background,93.45118,27.495285,1992.79,14.81,10,Tree cover
BG_213,background,93.495277,27.440697,1914.92,14.27,10,Tree cover
BG_214,background,93.4233,27.11186,1215.42,34.2,10,Tree cover
BG_215,background,93.415359,27.010315,177.42,1.81,10,Tree cover
BG_216,background,94.072621,27.408743,241.7,4.4,10,Tree cover
BG_217,background,93.481074,27.103549,664.71,22.93,10,Tree cover
BG_218,background,93.317336,27.527613,3186.56,21.47,10,Tree cover
BG_219,background,93.585017,26.954729,108.54,1.17,40,Cropland
BG_220,background,93.955959,27.357594,306.82,30.94,10,Tree cover
BG_221,background,93.997186,27.422573,1343.71,35.23,10,Tree cover
BG_222,background,93.344243,27.582799,3118.95,20.85,10,Tree cover
BG_223,background,93.702369,27.258891,1240.76,26.79,10,Tree cover
BG_224,background,93.710819,27.109887,159.7,1.47,50,Built-up
BG_225,background,93.681775,27.261159,933.7,30.65,10,Tree cover
BG_226,background,93.324368,27.230755,1196.3,18.82,10,Tree cover
BG_227,background,93.589066,27.093658,293.07,8.89,10,Tree cover
BG_228,background,93.332181,27.106417,804.18,16.92,10,Tree cover
BG_229,background,93.666261,27.04727,359.47,24.82,10,Tree cover
BG_230,background,93.388133,27.617079,2975.85,32.22,10,Tree cover
BG_231,background,93.326998,27.197435,1578.06,35.79,10,Tree cover
BG_232,background,93.911409,27.472991,2674.03,25.18,10,Tree cover
BG_233,background,93.920137,27.500286,2530.46,28.43,10,Tree cover
BG_234,background,93.418919,27.073142,1277.29,30.8,10,Tree cover
BG_235,background,93.649718,27.063598,241.03,23.83,10,Tree cover
BG_236,background,93.494859,27.414969,2017.4,21.45,10,Tree cover
BG_237,background,93.7659,27.109598,272.82,10.18,10,Tree cover
BG_238,background,93.7206,27.313236,1813.6,15.75,10,Tree cover
BG_239,background,93.732549,27.100567,305.94,7.74,10,Tree cover
BG_240,background,93.70167,27.195789,1054.04,36.86,10,Tree cover
BG_241,background,93.588237,27.108829,552.61,29.26,10,Tree cover
BG_242,background,93.615801,27.001997,217.91,16.14,10,Tree cover
BG_243,background,93.707226,27.067925,398.87,25.0,10,Tree cover
BG_244,background,94.068117,27.476751,1047.76,34.68,10,Tree cover
BG_245,background,94.05502,27.37665,257.4,23.49,10,Tree cover
BG_246,background,93.596449,27.059229,256.05,25.3,10,Tree cover
BG_247,background,93.315752,27.183918,1619.98,12.87,10,Tree cover
BG_248,background,93.623244,27.25412,1310.98,7.59,10,Tree cover
BG_249,background,93.410158,27.159839,1545.42,7.31,10,Tree cover
BG_250,background,93.89686,27.401047,567.86,29.6,10,Tree cover
BG_251,background,93.384847,27.371982,2729.55,6.24,10,Tree cover
BG_252,background,93.270825,27.141218,1147.97,11.39,10,Tree cover
BG_253,background,93.547314,27.405023,1137.7,26.26,10,Tree cover
BG_254,background,93.297665,27.215918,1639.6,31.58,10,Tree cover
BG_255,background,93.342658,27.463906,3069.92,13.15,10,Tree cover
BG_256,background,93.281377,27.123592,863.39,22.66,10,Tree cover
BG_257,background,93.805012,27.28813,695.75,32.39,10,Tree cover
BG_258,background,93.337185,27.059548,692.77,30.91,10,Tree cover
BG_259,background,93.539424,27.279927,1608.25,27.27,10,Tree cover
BG_260,background,93.486018,27.544188,1526.54,31.75,10,Tree cover
BG_261,background,94.049217,27.436815,1014.1,36.6,10,Tree cover
BG_262,background,93.592511,27.230419,1133.95,31.42,10,Tree cover
BG_263,background,93.304676,27.231612,1199.19,8.95,10,Tree cover
BG_264,background,93.486947,27.340787,1463.85,11.75,10,Tree cover
BG_265,background,93.566966,27.331277,1986.21,25.28,10,Tree cover
BG_266,background,93.329234,27.544106,3449.01,29.09,10,Tree cover
BG_267,background,93.342319,27.452261,3073.16,20.15,10,Tree cover
BG_268,background,93.560572,27.023083,422.32,5.11,10,Tree cover
BG_269,background,93.439138,27.522136,1636.29,40.22,10,Tree cover
BG_270,background,93.215989,27.120999,1785.11,35.47,10,Tree cover
BG_271,background,93.564054,27.054217,407.85,8.55,10,Tree cover
BG_272,background,93.54541,27.449989,1830.34,15.71,10,Tree cover
BG_273,background,93.68673,27.179613,1198.1,30.43,10,Tree cover
BG_274,background,93.565735,27.20805,1060.21,39.55,10,Tree cover
BG_275,background,93.36139,27.528318,2793.09,49.42,10,Tree cover
BG_276,background,93.333502,27.548971,3475.73,28.66,10,Tree cover
BG_277,background,93.479491,26.944564,154.3,9.45,10,Tree cover
BG_278,background,93.447849,27.572753,2269.14,22.97,10,Tree cover
BG_279,background,93.893418,27.312509,521.91,25.04,10,Tree cover
BG_280,background,93.319075,27.603713,3132.96,17.73,10,Tree cover
BG_281,background,93.372538,27.320014,2195.45,32.11,10,Tree cover
BG_282,background,93.475687,27.544224,1666.01,11.42,10,Tree cover
BG_283,background,93.57369,27.400313,1711.09,2.87,10,Tree cover
BG_284,background,93.448705,27.484188,2257.11,34.82,10,Tree cover
BG_285,background,93.521489,27.26889,1182.88,24.38,10,Tree cover
BG_286,background,93.62802,27.241098,1518.54,31.46,10,Tree cover
BG_287,background,93.50478,26.990521,484.04,29.88,10,Tree cover
BG_288,background,93.805333,27.290565,686.64,37.82,10,Tree cover
BG_289,background,93.5637,27.104325,790.09,32.53,10,Tree cover
BG_290,background,93.544218,27.392577,1264.52,27.55,10,Tree cover
BG_291,background,93.487158,27.595912,2531.12,19.04,10,Tree cover
BG_292,background,93.708505,27.222839,541.95,40.13,10,Tree cover
BG_293,background,93.794115,27.162254,303.9,22.78,10,Tree cover
BG_294,background,93.371616,27.041856,261.03,25.21,10,Tree cover
BG_295,background,93.476709,27.357886,1845.25,18.42,30,Grassland
BG_296,background,93.411636,27.478615,2797.79,43.38,10,Tree cover
BG_297,background,93.541276,27.349254,1451.85,37.42,10,Tree cover
BG_298,background,93.39119,27.104099,880.92,27.43,10,Tree cover
BG_299,background,93.398263,27.221085,1197.37,28.08,10,Tree cover
BG_300,background,93.503357,27.414939,1771.89,15.03,10,Tree cover
BG_301,background,93.536568,27.126641,1197.79,29.87,10,Tree cover
BG_302,background,93.912784,27.455649,2487.18,20.74,10,Tree cover
BG_303,background,93.647387,27.236676,1192.04,36.33,10,Tree cover
BG_304,background,93.355434,27.659957,2212.76,42.57,10,Tree cover
BG_305,background,93.407549,27.523315,1624.8,10.94,10,Tree cover
BG_306,background,93.425381,27.578511,1878.43,32.64,10,Tree cover
BG_307,background,93.398117,27.434779,3056.8,17.41,10,Tree cover
BG_308,background,93.430655,27.056584,568.15,27.98,10,Tree cover
BG_309,background,93.685812,27.227556,821.88,12.43,10,Tree cover
BG_310,background,93.614096,26.966523,107.37,0.5,30,Grassland
BG_311,background,93.404333,27.224047,1158.57,33.38,10,Tree cover
BG_312,background,94.114862,27.475302,723.21,4.22,10,Tree cover
BG_313,background,93.458219,27.434865,1996.71,19.15,10,Tree cover
BG_314,background,93.444607,27.446555,2176.39,23.4,10,Tree cover
BG_315,background,93.756936,27.03679,119.32,0.31,40,Cropland
BG_316,background,93.672304,27.147453,679.25,14.93,10,Tree cover
